State,Value
0,1.430755
1,1.194129
2,0.785943
